"participant_id","assessment_date","q1","q2","q3","q4","q5","q6","q7","q8","q9","q10","q11","q12","q13","q14","q15","q16","q17","q18","q19","q20","q21","q22","q23","q24","q25","q26","q27","q28","q29","q30","q31","q32","q33","q34","q35","q36","q37","q38","q39","q40","q41","q42","q43","q44","q45","q46","q47","q48","q49","q50","q51","q52","q53","q54","q55","q56","q57","q58","q59","q60","q61","q62","q63","q64","q65","q66","q67","q68","q69","q70","q71","q72","q73","q74","q75","q76","q77","q78","q79","q80","q81","q82","q83","q84","q85","q86","q87","q88","q89","q90","q91","q92","q93","q94","q95","q96","q97","q98","q99","q100","q101","q102","q103","q104","q105","q106","q107","q108","q109","q110","q111","q112","q113","q114","q115","q116","q117","q118","q119","q120","N1_Anxiety","N2_Anger","N3_Depression","N4_Self_Consciousness","N5_Immoderation","N6_Vulnerability","E1_Friendliness","E2_Gregariousness","E3_Assertiveness","E4_Activity_Level","E5_Excitement_Seeking","E6_Cheerfulness","O1_Imagination","O2_Artistic_Interests","O3_Emotionality","O4_Adventurousness","O5_Intellect","O6_Liberalism","A1_Trust","A2_Morality","A3_Altruism","A4_Cooperation","A5_Modesty","A6_Sympathy","C1_Self-Efficacy","C2_Orderliness","C3_Dutifulness","C4_Achievement_Striving","C5_Self_Discipline","C6_Cautiousness","Neuroticism","Extraversion","Openness","Agreeableness","Conscientiousness"
"1","2019-08-28","1","1","2","3","2","4","5","4","3","2","1","2","3","3","3","3","2","2","4","2","4","4","4","2","2","3","2","2","3","4","3","3","3","3","3","3","3","3","3","3","1","1","1","1","1","1","2","4","3","3","3","2","4","3","3","2","2","3","3","4","2","1","5","5","5","5","1","1","1","1","4","4","3","3","3","4","4","2","2","2","2","4","2","3","3","3","3","3","3","3","3","3","3","3","3","4","4","4","4","4","4","4","4","4","4","5","5","5","5","5","5","1","5","5","4","4","2","3","3","3","9","16","10","13","14","12","8","13","11","13","11","9","13","12","11","13","15","11","14","11","11","14","13","12","13","10","11","12","12","14","74","65","75","75","72"
"2","2019-10-12","3","2","4","4","3","5","1","2","3","3","2","2","4","4","5","3","2","1","3","3","3","4","4","4","2","2","2","2","3","3","3","3","3","4","3","3","3","3","3","3","3","3","3","3","3","3","3","3","3","3","3","3","3","3","3","3","3","3","3","3","3","3","3","3","3","3","3","3","3","3","3","3","3","3","2","4","2","4","5","4","2","3","3","3","3","3","3","3","3","3","3","3","3","3","3","3","3","3","3","3","3","3","3","3","3","3","3","3","3","3","3","3","3","3","3","3","3","3","3","3","12","14","11","13","11","11","11","10","11","10","13","11","13","11","13","11","13","11","14","12","13","14","13","12","12","12","13","13","11","12","72","66","72","78","73"
"3","2019-09-10","1","1","1","1","1","1","1","1","5","1","1","1","1","1","1","1","1","1","5","1","1","1","1","5","1","1","1","1","1","5","1","1","1","1","1","1","1","1","5","5","1","1","1","1","1","1","1","5","5","1","5","1","5","5","1","1","1","1","1","5","1","5","1","1","1","1","5","5","5","5","1","1","5","5","5","1","1","5","5","5","5","1","5","5","5","1","1","5","5","5","1","5","1","5","1","5","5","5","5","5","5","5","5","5","5","5","5","5","5","5","5","1","5","5","5","5","1","5","5","5","4","8","8","8","16","8","12","12","8","8","4","4","4","12","12","16","16","12","8","20","12","20","20","12","4","16","12","12","12","20","52","48","72","92","76"
"7","2019-09-10","2","3","4","3","4","1","5","3","5","4","4","5","5","5","4","3","4","4","2","2","4","5","4","2","4","4","4","4","5","2","2","5","1","4","3","1","2","5","5","1","1","4","5","5","4","4","5","2","5","4","2","5","3","2","4","5","4","5","3","3","3","4","2","4","4","1","5","5","5","5","4","4","3","2","4","1","4","2","5","2","3","2","4","2","3","2","5","5","3","3","3","4","2","4","5","1","1","2","3","2","1","5","5","5","5","4","1","1","3","2","3","4","4","3","4","2","4","2","4","3","10","4","10","12","12","13","16","13","18","14","16","17","9","15","18","9","15","16","15","18","17","15","9","15","16","12","17","10","15","11","61","94","82","89","81"
"8","2019-08-28","4","3","4","3","4","3","5","4","2","3","3","5","5","4","5","2","3","4","5","5","4","5","3","2","2","5","5","1","4","1","5","4","1","4","3","4","4","4","5","1","3","3","4","4","5","3","4","2","2","3","4","4","1","3","2","5","4","1","2","1","4","3","2","4","2","4","1","1","5","1","4","3","5","5","3","5","1","1","5","1","1","5","2","3","2","4","3","5","4","1","5","3","3","4","4","4","1","3","4","1","2","3","5","3","5","5","3","1","1","5","1","4","2","1","3","5","4","1","3","1","18","15","12","15","10","19","13","11","14","11","18","16","10","12","19","8","8","8","15","16","16","13","9","13","13","6","18","14","9","4","89","83","65","82","64"
"10","2019-09-15","4","4","3","4","4","2","1","3","4","3","3","4","3","4","5","3","3","2","3","4","3","3","4","2","4","3","3","4","4","4","3","4","3","4","4","3","3","4","4","2","2","4","4","4","5","3","3","2","3","3","3","3","4","2","4","2","4","5","3","3","3","2","3","4","4","4","1","4","3","3","2","4","2","4","3","2","3","3","3","2","3","3","3","2","4","2","4","2","4","3","4","4","2","3","4","2","2","3","3","4","2","4","3","4","4","3","2","3","3","2","3","2","4","3","4","2","3","3","3","4","14","11","9","11","12","9","14","7","16","11","11","14","11","14","12","10","15","14","15","14","16","12","9","14","16","12","17","11","16","14","66","73","76","80","86"
"11","2019-09-02","4","2","4","4","4","3","2","3","4","3","3","2","4","3","4","4","3","3","4","4","3","3","4","4","2","1","3","2","3","4","4","4","3","3","2","4","2","4","4","3","2","4","4","4","4","4","4","2","4","3","3","4","4","3","3","2","3","2","3","4","4","4","4","4","4","2","3","4","4","2","2","2","3","4","4","3","3","4","4","2","2","2","2","4","2","3","4","4","3","3","2","2","4","4","4","3","2","4","4","4","2","3","4","3","4","4","4","2","3","4","2","2","4","3","3","4","4","3","4","4","14","12","9","15","10","10","12","9","11","14","11","14","15","15","15","11","14","11","15","16","14","15","14","13","14","12","16","13","10","15","70","71","81","87","80"
"12","2019-09-07","4","2","4","2","3","4","3","4","4","3","1","4","4","4","4","2","4","4","4","2","2","3","3","4","2","4","3","2","4","4","3","4","3","4","3","4","3","4","4","2","2","3","4","3","4","2","4","3","4","2","3","2","4","2","3","2","3","4","4","3","2","4","4","4","3","4","4","4","4","2","3","3","4","3","3","2","4","3","3","2","3","3","4","3","2","3","4","2","4","4","4","4","4","4","4","4","4","3","4","2","2","2","4","4","4","4","4","3","3","4","2","2","4","2","3","4","4","2","4","4","13","16","8","10","10","13","14","14","12","16","10","14","15","15","16","13","15","10","14","16","14","14","11","16","13","9","15","10","10","15","70","80","84","85","72"
"13","2019-08-28","2","4","3","5","4","1","5","4","5","4","2","4","4","5","5","3","4","5","5","4","1","1","4","3","4","5","5","5","5","5","3","2","4","4","4","2","5","5","3","5","1","3","4","5","5","5","4","3","5","4","5","5","3","5","4","2","5","1","4","5","2","4","1","4","4","1","3","2","5","5","1","2","2","2","4","2","4","4","5","2","2","1","4","2","5","2","5","3","5","4","2","4","1","5","4","1","5","2","5","5","1","4","5","5","3","5","4","1","4","2","2","1","2","5","4","1","5","1","5","5","9","5","5","15","10","10","14","18","13","16","8","20","9","13","15","13","13","10","18","18","17","19","15","19","16","19","17","12","17","19","54","89","73","106","100"
"14","2019-08-30","4","5","1","5","5","2","5","4","5","5","1","5","1","5","5","1","1","1","5","5","4","5","1","5","1","2","5","1","5","1","1","5","5","1","5","1","5","5","5","5","1","1","5","5","5","1","1","5","5","1","5","5","5","5","5","1","1","1","1","5","1","5","1","1","5","1","4","5","5","5","1","1","5","5","5","1","5","5","5","5","1","1","5","5","5","1","5","5","2","5","1","5","1","5","5","1","5","5","5","5","1","5","5","5","5","5","5","5","5","5","1","1","5","2","5","5","5","5","5","5","7","5","4","8","11","9","20","19","12","12","12","16","8","19","16","16","16","12","12","20","20","20","17","13","20","20","20","16","16","16","44","91","87","102","108"
"15","2019-08-28","4","5","5","5","5","1","2","4","5","2","1","4","4","5","5","2","4","5","5","5","1","5","4","1","3","2","5","3","1","2","2","5","4","5","5","3","1","4","5","2","1","4","5","5","4","1","4","5","5","4","3","5","3","5","4","4","5","5","2","2","1","5","5","5","4","1","2","5","5","1","3","4","5","5","2","2","5","5","5","5","4","2","4","5","5","3","5","5","5","2","3","5","4","5","2","1","5","1","3","2","1","5","5","4","5","1","1","4","2","5","1","5","5","5","5","3","5","1","2","2","10","6","6","6","9","12","20","10","17","14","17","20","18","14","19","19","16","14","20","18","19","17","16","10","16","7","16","19","17","8","49","98","100","100","83"
"17","2019-08-28","4","5","5","4","5","2","1","5","5","5","1","5","5","5","5","5","4","5","5","5","1","5","5","1","5","1","5","5","5","5","1","2","1","5","5","1","5","5","5","5","1","5","5","5","5","4","4","5","5","5","1","5","5","1","5","4","5","5","5","5","1","5","5","4","5","4","5","5","1","5","1","5","5","5","1","1","5","5","5","4","5","5","5","1","5","1","5","5","5","4","1","5","5","5","5","1","2","5","5","5","1","1","2","5","5","5","1","1","1","2","1","4","5","5","2","1","5","1","5","5","7","8","4","15","8","7","17","13","16","14","19","20","16","20","17","16","20","16","18","16","20","16","8","20","20","20","16","16","17","19","49","99","105","98","108"
"18","2019-09-04","4","5","5","3","5","3","4","5","3","4","2","5","5","5","4","4","4","4","1","5","5","5","5","1","4","3","5","5","4","4","2","4","5","4","5","3","2","4","4","2","1","5","5","4","4","1","5","4","3","5","4","5","4","2","5","4","5","5","4","5","4","5","5","3","5","2","2","5","4","2","4","5","4","3","3","2","4","5","3","4","5","3","5","2","5","2","5","3","4","5","2","5","3","4","5","3","4","4","3","4","1","5","5","5","4","2","1","3","2","3","2","5","4","2","2","1","5","3","5","5","12","11","8","9","16","10","19","12","20","14","18","20","18","18","19","16","18","16","14","14","17","9","7","17","20","12","15","17","16","19","66","103","105","78","99"
"19","2019-08-29","4","4","4","5","4","4","4","3","4","1","4","4","4","5","4","4","2","4","5","5","4","5","4","4","1","4","4","3","1","2","5","2","4","4","4","3","3","4","3","4","4","3","5","5","3","3","3","2","4","4","2","5","3","1","4","4","5","4","4","2","4","4","4","4","4","3","2","3","5","3","4","3","4","3","3","2","3","2","3","2","3","4","2","3","2","4","3","3","4","3","4","3","3","3","4","3","3","2","5","4","2","3","4","4","2","3","4","2","2","2","3","4","2","4","2","2","5","1","4","2","17","13","14","12","12","14","13","12","13","12","18","17","15","12","17","10","11","11","16","17","17","14","12","13","16","12","12","13","9","9","82","85","76","89","71"
"20","2019-09-05","3","2","4","3","4","2","3","4","5","4","2","3","3","4","5","4","2","3","5","4","4","4","4","2","4","2","3","3","4","4","3","4","2","4","4","2","2","3","5","5","1","2","3","4","4","3","3","2","4","3","2","3","4","3","4","3","3","4","4","4","2","4","2","2","4","2","2","4","5","4","2","3","3","3","4","4","2","3","4","4","3","3","4","3","3","2","4","3","4","4","2","3","2","3","4","2","3","4","4","5","2","3","4","4","5","3","2","2","2","4","3","2","4","4","2","2","4","2","4","4","10","8","7","14","12","9","13","10","11","9","12","14","10","15","13","10","16","12","12","19","15","15","12","16","16","18","18","15","13","16","60","69","76","89","96"
"21","2019-08-28","2","4","2","4","4","2","4","2","4","4","4","4","4","4","4","2","2","4","2","4","2","4","4","2","2","4","4","4","4","2","4","4","4","4","4","2","2","4","4","4","4","2","2","4","5","4","4","4","4","2","2","4","4","2","2","4","4","2","2","4","4","4","4","4","4","2","2","2","4","4","4","2","4","4","4","2","2","4","5","2","4","2","4","2","4","2","4","2","4","4","2","4","4","4","2","2","4","4","4","4","2","4","4","4","4","2","4","2","4","4","2","4","4","4","4","2","4","2","4","4","12","8","14","10","10","12","16","12","12","12","14","16","14","12","14","14","16","10","16","16","16","15","10","14","14","16","17","12","12","14","66","82","80","87","85"
"22","2019-08-29","5","3","4","4","5","3","1","4","5","4","1","4","3","5","5","4","2","4","5","4","1","4","5","2","3","4","5","5","5","5","5","4","4","5","4","3","2","4","5","2","1","4","5","4","4","5","3","2","2","5","4","5","4","4","4","4","2","5","5","2","1","2","2","4","2","4","2","4","5","5","4","4","2","4","4","4","4","2","5","5","4","4","3","2","5","2","5","5","2","4","4","2","2","4","4","2","1","4","4","4","2","5","5","5","5","2","4","4","5","5","2","1","4","4","2","2","5","1","2","2","15","12","8","15","11","12","11","6","17","13","14","17","12","16","15","12","16","16","17","19","18","17","12","14","15","15","18","19","14","13","73","78","87","97","94"
"24","2019-09-04","2","2","2","3","1","3","2","3","3","3","3","1","4","1","3","2","2","2","4","5","3","3","3","2","1","2","3","5","5","5","5","2","1","3","2","3","3","1","2","3","4","2","3","2","2","5","2","4","3","1","3","4","4","2","3","3","3","5","3","3","5","3","5","1","2","2","1","4","1","1","3","4","1","2","3","4","1","4","2","2","3","3","3","3","3","3","3","5","4","3","4","2","3","2","3","2","1","1","2","3","2","1","1","3","2","3","2","2","3","3","4","4","4","3","2","2","4","2","4","3","16","10","12","14","13","10","9","7","8","7","14","13","11","9","9","12","14","17","9","8","8","12","10","16","8","10","10","11","9","14","75","58","72","63","62"
"25","2019-09-10","4","3","4","4","5","1","2","5","5","4","2","4","5","5","5","2","2","3","2","5","2","3","5","2","5","1","5","4","5","5","2","4","4","3","4","2","3","5","3","3","1","4","5","4","4","3","1","2","5","4","2","5","3","3","4","4","4","3","3","5","2","4","4","3","5","1","3","4","5","5","2","4","3","4","3","3","4","5","5","1","2","1","5","2","5","1","5","4","5","4","1","3","5","4","4","2","3","5","5","4","1","5","5","5","5","1","2","3","5","5","2","2","4","2","3","1","2","1","5","5","9","6","6","9","8","7","14","11","17","9","11","16","17","19","18","13","17","12","14","18","18","17","9","18","18","16","17","15","17","19","45","78","96","94","102"
"26","2019-09-10","4","2","5","2","5","4","1","5","5","5","2","4","5","5","5","5","3","4","1","5","1","2","4","1","3","2","4","4","5","4","2","1","2","2","4","4","1","4","5","2","1","3","5","4","5","2","4","2","4","4","2","2","4","4","5","2","2","1","4","3","5","1","5","4","5","2","1","3","4","5","3","4","5","5","3","5","2","3","5","2","2","4","2","1","2","1","5","2","4","3","3","2","4","2","5","4","1","2","5","3","1","3","5","3","5","3","3","2","4","5","2","4","4","2","4","2","3","1","5","4","14","14","7","15","7","7","6","4","14","12","12","14","16","14","20","11","14","8","10","19","17","14","8","18","19","15","18","16","14","14","64","62","83","86","96"
"27","2019-09-05","5","2","4","4","4","2","2","5","5","5","2","2","4","5","5","4","4","2","5","4","2","3","2","4","2","5","2","2","5","4","4","2","4","4","3","4","2","3","5","5","3","2","4","4","4","4","2","2","5","2","4","2","4","2","4","4","2","2","4","4","2","2","4","4","3","2","4","4","5","5","2","2","4","5","5","5","2","2","5","2","4","4","4","2","4","4","3","2","4","2","4","2","4","4","4","4","2","4","4","5","2","2","4","4","4","4","2","2","4","4","5","2","4","2","2","4","4","1","4","5","15","12","9","17","15","17","8","10","8","10","11","11","16","16","16","8","14","7","16","19","18","19","10","17","14","20","18","12","12","15","85","58","77","99","91"
"29","2019-09-20","4","5","4","4","4","2","2","4","5","2","4","4","3","5","5","4","2","4","4","4","3","4","3","3","2","4","4","4","5","5","4","2","1","4","4","3","5","4","5","2","3","4","5","5","5","4","3","2","3","3","3","4","4","2","4","4","3","4","5","3","4","2","4","5","4","3","2","5","5","2","3","4","4","4","5","2","4","2","5","2","4","2","4","3","2","4","3","3","5","3","4","4","5","3","3","3","2","4","3","2","1","3","5","4","5","5","3","3","3","4","4","3","4","2","2","4","3","3","5","5","16","11","11","15","14","16","13","11","15","12","13","13","14","17","17","11","15","14","16","18","18","15","10","20","15","8","20","13","10","16","83","77","88","97","82"
"30","2019-11-20","4","4","4","2","2","2","4","4","5","3","3","4","4","4","4","2","3","3","3","2","3","4","4","4","2","2","4","4","4","5","1","4","3","2","3","2","4","4","4","4","2","4","4","4","4","2","4","2","4","2","3","5","4","1","5","4","5","5","4","2","3","3","4","2","4","2","2","3","4","3","3","4","2","3","2","2","4","2","4","3","2","4","4","2","2","2","5","4","3","2","4","2","4","3","4","2","2","4","3","2","2","2","4","4","2","2","2","2","2","2","2","3","4","3","2","2","4","2","4","4","12","8","10","8","10","10","13","12","14","13","16","18","15","15","14","9","16","15","9","16","15","13","10","15","13","12","12","9","11","13","58","86","84","78","70"
"31","2019-09-13","5","5","2","4","5","2","4","5","4","5","3","4","5","5","4","4","4","5","2","5","2","4","4","1","4","5","5","3","4","4","4","4","2","4","5","4","4","4","4","4","1","4","5","5","5","4","3","1","3","4","2","4","2","1","5","2","5","4","5","4","4","4","2","4","5","4","2","4","2","4","1","4","2","4","4","2","4","2","3","2","2","4","3","1","2","4","2","4","4","4","4","5","4","4","4","4","2","3","5","5","1","4","4","4","4","4","2","2","4","4","2","2","4","3","2","1","5","1","4","4","17","14","6","14","8","12","18","12","16","13","14","17","10","16","16","10","13","12","16","15","18","12","6","17","19","18","17","15","13","16","71","90","77","84","98"
"32","2019-10-11","4","4","4","1","4","4","1","4","4","4","2","3","4","5","4","4","2","2","4","4","4","4","2","2","2","2","5","4","5","4","4","4","2","3","4","3","2","4","2","5","1","2","5","4","3","4","2","2","4","3","2","4","3","2","4","4","4","3","4","4","2","4","3","2","4","4","2","4","4","4","2","3","5","5","2","2","2","2","4","2","5","2","4","1","3","2","5","5","5","3","2","4","2","4","4","4","2","2","4","4","2","3","4","4","4","4","2","2","4","4","5","3","2","3","2","2","4","3","4","4","12","15","7","14","16","10","16","7","11","8","13","18","11","14","18","8","11","15","10","14","18","16","8","18","16","17","13","13","11","15","74","73","77","84","85"
"33","2019-08-28","3","3","4","4","5","1","1","5","4","2","4","4","3","4","5","4","2","5","5","4","4","5","5","3","4","2","3","3","4","4","2","3","5","5","4","2","2","4","5","1","2","4","5","4","4","4","4","3","5","4","1","4","5","3","4","2","4","4","4","4","1","3","5","4","4","1","2","5","5","2","2","4","5","5","4","3","4","2","5","4","2","3","5","2","4","2","5","2","4","4","2","3","5","4","4","2","2","5","5","2","1","2","5","4","4","4","2","2","5","5","2","3","5","4","4","2","5","2","4","4","8","6","9","15","9","8","12","7","14","12","15","17","19","19","18","12","20","11","17","19","17","20","12","16","17","7","17","17","16","16","55","77","99","101","90"
"34","2019-10-12","5","4","4","5","3","4","4","4","4","4","4","4","5","5","5","3","2","4","2","2","4","4","3","4","4","3","4","3","4","2","3","4","4","4","3","4","4","4","2","2","3","4","4","4","4","3","4","2","3","3","2","5","4","2","5","4","5","4","5","2","3","4","4","4","4","4","4","4","4","4","3","4","4","3","4","3","2","4","3","3","4","3","4","3","2","4","4","3","2","2","4","2","3","4","4","4","3","4","4","2","2","4","4","4","5","4","4","3","4","3","4","3","2","2","4","2","4","2","5","4","15","16","12","13","14","13","14","15","16","12","15","17","15","16","17","13","13","12","17","14","16","12","11","16","14","12","18","11","15","10","83","89","86","86","80"
"36","2019-08-28","2","2","5","4","4","1","1","4","5","2","2","2","2","5","5","4","4","4","4","4","4","4","5","2","4","2","4","3","5","5","2","2","5","4","4","1","2","4","4","2","1","4","4","4","5","4","4","2","5","4","4","4","5","2","4","2","4","4","4","4","2","2","5","4","4","1","1","4","5","2","2","2","4","2","2","4","4","2","5","4","1","2","4","2","2","2","4","3","4","5","2","2","5","4","4","2","4","4","4","2","1","2","1","4","5","4","2","2","4","2","1","2","5","2","2","1","5","2","4","5","8","5","6","16","10","7","8","8","10","14","12","17","20","16","11","10","19","12","16","18","15","18","8","17","16","8","17","14","12","19","52","69","88","92","86"
"37","2019-09-13","4","4","4","3","4","2","4","4","3","2","2","3","3","5","4","3","2","3","5","3","2","5","4","4","2","5","5","4","3","4","5","4","5","3","4","2","3","3","5","1","4","2","5","4","4","5","4","2","5","3","2","3","1","4","4","5","4","4","5","4","5","3","5","4","4","1","3","4","4","1","3","4","3","4","4","3","2","2","5","2","4","4","1","3","1","4","1","3","2","1","4","2","4","3","4","3","3","4","5","2","1","2","3","4","4","4","2","2","3","2","2","2","3","3","1","4","4","1","4","3","18","8","10","15","10","18","13","13","11","10","14","14","18","15","14","9","9","12","13","17","17","18","14","14","16","6","16","10","8","12","79","75","77","93","68"
"38","2019-09-16","4","4","4","5","5","4","4","5","2","2","4","4","5","5","5","4","4","4","2","4","5","4","3","3","4","4","4","2","3","2","3","4","1","4","4","3","3","4","2","1","3","4","5","5","4","5","4","2","2","4","3","5","2","2","4","4","5","4","5","4","4","3","4","4","4","5","2","2","4","2","3","4","2","2","2","4","4","2","3","4","2","4","1","2","2","4","5","2","2","2","5","2","4","2","5","2","2","2","2","2","2","2","2","2","2","2","1","2","4","4","2","4","1","2","2","2","4","1","2","1","16","14","12","15","12","14","13","11","14","13","17","18","13","13","14","10","7","9","15","10","14","11","9","12","18","7","13","16","12","9","83","86","66","71","75"
"40","2019-08-29","4","4","5","3","5","2","3","5","5","4","2","5","4","5","4","2","3","4","4","4","3","3","4","3","4","2","4","3","3","3","4","4","4","4","4","2","2","4","5","2","1","3","4","4","4","4","4","2","5","4","3","2","2","5","2","2","2","3","3","4","2","4","3","2","4","2","2","5","5","4","3","4","3","4","4","4","1","3","5","2","2","3","4","4","3","3","4","5","3","4","3","2","2","3","3","2","2","5","5","4","2","4","3","2","4","4","3","3","5","1","4","1","2","2","3","2","4","2","4","4","13","8","8","14","12","9","14","9","16","11","9","14","14","19","14","12","12","13","12","20","15","19","14","13","16","14","16","11","12","15","64","73","84","93","84"
"41","2019-10-14","4","3","5","4","4","4","5","5","4","4","4","3","5","5","4","4","3","4","1","4","4","5","4","4","2","4","4","4","5","2","4","3","5","3","4","4","2","4","4","2","3","4","4","4","4","4","3","3","4","4","2","4","3","4","4","4","4","5","5","3","4","2","5","4","4","3","4","3","5","3","3","3","4","3","4","3","4","4","5","3","4","3","4","2","3","3","5","2","4","3","4","2","5","4","4","3","1","5","4","2","1","3","4","4","4","4","2","3","3","2","2","4","3","3","3","2","4","2","4","3","16","14","11","15","12","13","10","12","13","12","16","17","20","17","17","14","14","13","15","17","16","13","13","18","16","11","16","13","12","11","81","80","95","92","79"
"42","2019-11-28","5","5","4","5","4","4","5","5","1","3","4","4","5","4","3","3","3","4","2","4","3","5","5","1","3","5","5","1","3","1","5","5","4","4","3","5","5","5","1","2","2","5","5","5","5","5","5","1","3","5","3","5","1","2","5","4","5","5","4","1","4","5","5","5","4","2","4","4","1","2","4","5","5","2","2","3","5","1","2","3","2","3","4","2","1","5","4","5","3","2","1","4","4","4","4","2","4","5","4","1","2","3","5","5","2","4","2","2","2","2","3","5","2","3","4","2","3","4","4","1","15","13","12","15","11","16","19","18","17","15","18","17","17","19","20","8","12","15","18","7","16","9","8","14","15","8","12","14","13","5","82","104","91","72","67"
"43","2019-08-29","5","1","5","1","4","4","5","5","1","4","3","4","5","3","3","1","4","3","5","4","2","5","1","4","2","5","3","1","4","4","5","1","3","4","3","2","1","3","3","5","1","1","4","4","4","2","3","3","4","2","3","4","1","2","2","3","3","3","5","4","4","4","4","3","1","2","2","3","4","5","2","2","2","4","4","5","2","4","4","4","2","3","4","2","3","3","2","5","3","4","1","2","5","4","4","4","3","1","5","3","2","3","5","4","3","4","4","2","2","1","1","1","1","2","3","5","5","1","5","4","15","12","8","12","8","16","8","11","10","13","13","13","17","12","16","12","7","10","12","13","15","15","10","17","12","17","14","11","10","16","71","68","74","82","80"
"44","2019-09-03","4","4","4","5","4","5","1","2","5","4","4","2","4","4","4","2","4","2","2","4","4","4","4","2","2","3","2","4","4","2","4","3","4","4","2","4","4","2","4","2","5","2","4","4","4","5","3","2","4","2","4","2","4","2","2","4","3","5","2","2","4","3","4","4","2","4","5","4","4","4","2","4","3","3","4","4","3","2","2","2","5","2","2","2","2","4","4","3","4","2","3","4","4","4","3","2","2","2","4","2","4","2","4","4","2","5","2","2","4","2","4","2","4","2","2","4","2","2","4","2","15","15","15","16","17","15","14","12","10","12","10","11","16","10","15","8","14","14","17","17","15","12","8","14","11","12","14","10","8","8","93","69","77","83","63"
"45","2019-09-14","2","4","2","4","4","2","4","3","4","2","2","3","3","5","4","2","2","4","2","4","4","4","4","4","4","2","4","5","4","4","4","5","1","4","4","2","3","4","4","2","2","2","2","2","4","3","3","2","4","4","2","4","2","3","4","4","4","3","2","4","2","4","4","3","3","2","4","3","4","4","3","4","2","2","4","2","3","4","5","4","3","2","4","2","4","2","5","5","2","4","2","4","1","4","3","3","2","3","5","4","2","3","3","3","4","1","3","3","3","2","2","2","2","4","3","2","4","2","4","4","10","9","9","8","11","10","17","13","12","11","12","17","8","13","10","13","12","15","15","17","12","14","13","12","14","12","16","14","15","16","57","82","71","83","87"
"46","2019-09-10","3","4","3","4","4","4","2","4","3","4","3","4","4","4","4","3","3","4","2","3","3","4","4","2","3","3","4","2","4","4","4","4","4","4","3","2","2","4","5","4","2","4","4","4","4","4","3","3","4","4","4","4","4","2","4","4","4","4","4","2","4","4","4","4","4","3","4","4","5","2","2","4","3","3","2","4","3","4","5","4","2","4","3","2","3","2","4","4","2","2","3","4","4","4","4","2","2","2","3","2","2","4","4","4","4","2","2","2","2","3","2","3","4","2","4","4","4","2","2","4","14","11","9","13","11","13","16","10","16","11","15","16","15","14","15","13","15","12","16","16","15","13","8","12","15","12","14","14","14","12","71","84","84","80","81"
"47","2019-09-10","1","5","4","4","3","1","5","4","5","1","1","5","1","5","4","1","3","4","5","5","2","4","4","1","5","1","4","1","3","5","1","5","1","4","4","1","4","4","5","5","1","5","4","4","5","4","4","2","4","4","4","5","4","4","5","4","5","4","2","2","1","5","4","3","5","1","2","5","5","2","3","4","3","4","1","4","4","4","5","3","2","4","4","2","4","1","5","2","5","5","1","5","3","5","4","2","5","5","4","2","2","5","4","5","5","5","1","2","2","5","2","2","5","4","5","2","5","2","5","5","4","5","7","14","10","8","20","16","19","12","15","19","12","18","12","12","17","9","16","19","18","16","11","15","16","10","15","17","19","17","48","101","80","95","94"
"48","2019-08-29","5","4","5","1","3","3","2","5","3","5","2","3","4","3","4","2","4","4","2","4","3","3","3","4","2","4","4","3","3","2","4","1","1","3","3","4","2","3","4","5","1","3","3","3","4","3","3","3","4","2","3","4","2","4","2","2","2","2","2","4","4","2","2","4","4","4","1","4","4","5","3","3","4","2","1","2","4","2","4","1","2","4","1","4","3","4","4","5","3","3","3","2","4","1","3","2","1","4","4","5","1","5","1","3","3","1","2","2","4","2","1","5","3","3","2","3","4","2","3","2","16","13","7","8","9","13","9","6","14","13","16","14","12","16","12","11","9","12","9","15","11","14","15","11","13","20","12","9","9","11","66","72","72","75","74"
"49","2019-08-29","2","4","4","5","4","5","3","4","2","4","2","4","3","5","5","4","1","2","3","4","4","4","2","2","4","4","2","2","5","4","5","4","4","4","4","3","3","3","2","2","3","3","2","4","4","3","4","3","4","3","3","2","4","4","4","4","3","3","4","2","3","3","2","3","4","3","2","3","3","3","3","4","2","3","3","3","4","2","3","3","2","3","3","2","3","3","4","3","2","3","4","3","4","3","4","3","2","3","2","3","3","3","2","3","2","3","2","3","2","3","2","3","2","3","2","3","4","3","2","3","14","14","11","13","11","14","14","10","14","11","12","13","14","13","9","10","11","11","15","9","15","12","11","13","16","12","14","13","13","12","77","74","68","75","80"
"51","2019-10-11","4","3","4","3","4","3","2","3","4","4","3","4","3","4","4","3","3","3","2","4","3","3","3","3","3","4","4","3","3","4","4","3","3","3","3","4","2","4","4","2","2","3","4","4","4","3","3","3","3","4","2","3","2","3","4","3","4","3","2","3","3","2","3","2","3","3","3","2","4","4","2","4","4","4","3","4","2","2","4","3","3","3","3","3","3","4","4","4","4","2","4","2","4","3","4","4","2","3","4","4","2","4","4","4","4","3","2","2","4","3","3","3","3","4","3","3","4","2","4","3","15","14","9","13","11","14","10","9","15","10","12","16","14","12","15","10","11","12","11","16","16","13","13","13","14","14","15","14","13","12","76","72","74","82","82"
"53","2019-10-11","3","4","4","3","4","1","2","4","5","3","2","3","3","4","5","3","4","4","5","4","1","3","4","3","3","1","3","4","4","4","3","4","3","3","4","1","3","4","4","4","1","3","4","4","4","2","3","2","5","4","4","4","2","2","4","2","4","3","4","4","2","4","2","3","4","1","4","4","5","5","1","4","5","5","5","4","2","5","5","4","4","1","4","4","4","2","4","3","4","4","3","4","2","4","4","1","2","5","4","5","2","4","4","4","5","4","2","2","2","4","1","1","4","5","4","2","4","1","5","5","11","4","6","13","10","7","16","11","14","11","9","15","11","17","16","13","14","11","13","18","17","17","14","17","16","17","19","16","15","17","51","76","82","96","100"
"55","2019-08-29","1","5","5","2","5","1","4","5","5","5","1","5","3","5","5","1","2","4","2","5","1","5","5","3","5","1","5","4","4","4","1","5","4","4","4","2","2","5","5","5","1","3","5","5","4","3","5","2","5","5","4","5","4","3","5","4","5","5","3","4","1","5","4","2","5","2","3","3","5","3","2","4","3","3","3","3","4","5","5","4","4","2","4","3","4","1","2","4","5","3","2","3","4","2","5","2","3","4","5","4","1","5","5","5","3","2","1","3","4","4","4","4","2","2","3","1","5","2","5","4","5","7","5","9","13","7","18","12","17","12","16","17","17","17","16","14","15","15","10","20","18","16","11","17","19","17","15","18","17","15","46","92","94","92","101"
"56","2019-08-30","5","5","4","5","4","4","4","4","5","1","1","2","2","5","4","2","2","4","2","4","4","2","2","4","4","4","4","5","5","2","4","5","5","5","4","2","2","4","4","2","5","4","4","4","5","4","4","2","2","4","1","5","4","2","4","2","4","5","5","3","3","2","4","5","5","5","2","2","4","4","2","4","2","2","4","2","2","4","4","4","4","2","3","2","1","4","5","2","3","3","4","2","4","4","1","4","2","2","2","2","2","2","3","4","4","1","1","1","2","2","2","4","4","4","2","2","5","5","4","4","16","15","10","9","11","12","14","10","12","9","13","18","17","12","11","11","13","17","19","15","15","10","12","17","14","9","17","14","11","12","73","76","81","88","77"
"57","2019-09-03","4","2","4","3","4","3","1","3","5","4","4","4","3","4","4","4","4","4","4","4","1","3","4","3","3","3","3","4","4","5","3","2","3","2","3","4","1","4","5","5","3","3","4","3","4","3","3","2","3","3","1","3","2","3","3","3","2","3","4","3","3","2","4","2","3","3","1","3","5","4","3","3","3","4","4","4","3","3","4","3","2","1","3","3","3","3","2","3","3","3","4","2","3","3","3","3","1","3","3","4","1","3","3","3","4","3","3","3","3","2","2","1","3","3","4","3","3","2","4","4","14","13","11","14","6","12","8","4","13","13","8","10","14","13","13","12","12","12","10","18","14","14","12","15","13","17","16","12","13","15","70","56","76","83","86"
"59","2019-08-30","4","3","4","4","3","2","3","1","5","4","1","3","4","5","5","1","2","3","3","3","4","4","3","2","4","4","4","3","4","4","5","3","3","5","4","2","1","2","1","3","1","4","4","3","4","3","3","2","3","2","3","4","3","1","4","3","4","5","5","4","5","4","4","3","3","2","2","5","5","4","2","4","4","4","5","3","2","3","5","2","2","2","3","2","3","3","4","4","4","4","4","4","4","4","3","2","2","5","5","2","1","3","4","4","5","3","2","3","5","4","1","2","2","5","2","4","4","2","4","4","18","8","5","10","10","14","14","8","14","9","12","16","15","13","16","11","11","14","16","16","16","16","10","17","13","13","19","11","13","16","65","73","80","91","85"
"60","2019-08-29","1","3","4","4","3","1","3","3","5","1","2","2","5","5","4","5","1","5","5","2","5","3","4","2","2","1","3","4","4","4","1","3","4","4","3","2","1","3","4","1","1","3","4","4","4","4","2","3","5","2","2","5","2","2","3","2","4","3","3","2","2","4","4","4","2","1","2","3","5","2","1","3","5","4","2","4","2","2","3","2","2","4","4","2","2","3","4","4","3","4","2","4","5","4","4","2","2","2","4","2","2","3","4","4","3","4","2","3","3","3","4","2","3","4","2","2","4","2","3","3","6","6","6","17","13","8","14","8","11","7","14","15","17","11","18","13","13","13","16","18","17","16","10","13","12","6","13","9","9","13","56","69","85","90","62"
"61","2019-08-29","5","3","4","4","4","5","5","5","4","4","5","4","4","5","3","3","4","2","4","4","2","5","5","1","4","5","4","5","5","3","5","5","2","4","4","4","3","4","4","3","2","3","5","5","3","3","3","2","2","4","3","5","4","2","4","4","3","4","3","2","4","3","5","4","3","4","4","3","4","3","2","3","2","2","3","3","4","4","4","4","3","4","3","2","3","2","4","5","2","3","3","4","4","4","3","3","4","4","4","1","1","4","3","2","4","2","2","2","3","2","4","5","2","2","3","3","4","4","4","4","17","16","10","11","12","14","15","16","14","13","19","15","15","16","14","10","14","18","16","16","14","13","7","14","14","11","13","14","14","12","80","92","87","80","78"
"62","2019-10-13","4","4","4","5","4","5","4","2","4","4","4","2","4","5","5","4","3","4","2","4","2","5","4","3","3","4","4","3","5","2","4","2","4","4","3","4","4","3","5","4","1","3","5","4","4","3","4","4","2","3","4","5","3","2","4","4","4","4","4","2","3","4","4","4","3","5","1","4","4","4","3","4","4","4","2","4","3","3","5","4","4","2","2","2","2","4","4","3","4","2","2","2","4","4","2","4","5","3","4","4","1","5","4","4","5","4","1","5","5","2","2","4","2","4","2","4","4","2","3","2","13","18","9","15","12","16","12","14","14","11","16","16","16","12","17","16","11","12","17","17","17","14","11","16","12","16","16","13","11","8","83","83","84","92","76"
"64","2019-09-04","5","1","5","4","4","5","1","5","5","5","5","2","5","4","4","5","2","4","5","3","4","5","1","5","2","5","4","5","4","3","5","2","5","4","4","5","1","5","4","5","2","2","3","3","4","4","2","1","5","4","3","4","2","4","4","3","4","4","4","4","5","2","5","4","3","5","1","1","4","1","4","2","3","4","2","5","3","1","5","4","3","2","2","4","3","5","4","2","3","2","5","2","5","4","3","4","2","4","5","5","1","3","3","3","5","4","1","1","3","4","2","5","2","4","1","5","3","1","3","4","20","19","12","18","12","18","7","5","9","8","16","15","20","15","14","7","7","12","16","18","14","18","17","14","14","16","15","15","10","13","99","60","75","97","83"
"65","2019-08-29","4","2","4","3","3","3","2","4","5","4","2","5","4","5","4","4","3","4","4","4","2","4","2","2","1","2","4","5","5","4","5","4","1","2","3","2","1","4","5","2","1","4","5","4","3","2","2","1","4","4","2","5","4","2","3","3","2","5","5","4","2","4","2","2","3","3","2","5","5","2","2","4","4","3","2","2","2","2","5","5","3","2","5","2","3","2","5","5","3","2","2","2","2","5","5","3","5","4","5","2","1","4","5","5","4","2","2","3","4","4","4","1","4","4","2","2","5","4","5","4","13","11","6","10","11","9","12","10","17","9","12","16","9","17","18","10","15","19","12","20","17","17","10","18","14","10","13","17","9","14","60","76","88","94","77"
"66","2019-10-16","4","2","5","2","2","2","2","5","2","2","5","4","5","5","3","4","2","4","4","4","1","5","5","2","2","1","4","4","5","2","5","2","5","4","2","1","1","5","3","1","1","2","3","4","3","1","2","3","5","2","5","5","5","1","2","5","2","5","5","4","5","2","5","2","2","2","1","5","5","4","4","4","2","2","2","5","2","2","5","3","4","1","4","1","1","3","5","5","2","1","4","2","5","1","3","1","1","2","2","3","1","2","2","4","2","5","4","2","1","2","4","5","1","1","2","4","5","3","5","3","18","6","11","15","14","13","8","5","12","10","16","16","20","17","12","11","15","17","9","12","15","15","5","17","9","10","10","11","7","10","77","67","92","73","57"
"67","2019-08-29","4","3","2","2","4","2","2","3","2","5","3","3","1","4","4","2","2","5","4","4","4","4","3","2","4","1","4","5","4","4","3","4","4","2","5","2","3","4","2","4","2","5","5","4","2","3","2","2","4","4","1","3","4","2","5","4","4","5","2","5","4","4","4","2","5","2","3","2","2","5","1","4","4","4","3","4","2","2","4","4","2","1","3","2","4","2","4","5","4","5","2","5","4","2","4","1","2","2","4","5","2","4","4","5","4","3","4","2","3","5","2","2","3","4","3","1","5","2","5","5","13","7","8","12","9","8","16","10","16","10","10","17","14","11","14","11","13","17","8","10","17","15","10","15","18","19","13","17","16","19","57","79","80","75","102"
"68","2019-08-31","4","1","5","4","5","1","1","5","1","5","2","5","5","5","5","2","5","1","1","5","5","4","5","1","4","2","5","2","5","2","5","2","1","3","1","1","1","5","4","5","1","4","5","5","4","1","4","1","3","4","3","5","5","1","5","3","2","5","5","3","1","3","4","4","4","1","4","4","1","4","1","4","2","3","5","2","4","1","5","1","2","3","4","2","5","1","5","2","4","3","1","3","4","4","4","1","4","2","5","5","1","5","4","5","5","1","1","1","3","5","2","1","4","4","4","2","5","1","5","4","11","4","5","6","12","8","9","10","18","14","13","17","14","16","16","4","18","10","15","11","18","12","8","19","14","19","19","15","18","12","46","81","78","83","97"
"69","2019-10-01","3","2","4","4","4","3","2","3","5","5","2","2","4","5","3","4","2","4","3","5","3","5","4","1","4","4","4","3","5","2","4","4","3","4","4","3","2","3","5","5","1","3","5","5","3","3","3","2","4","3","3","4","2","2","4","4","4","3","4","3","3","4","4","4","4","2","2","3","4","5","3","4","4","4","3","4","3","4","4","3","4","3","3","2","4","2","5","3","4","3","2","4","2","4","4","4","1","2","5","5","2","2","4","5","3","4","3","3","3","5","4","2","2","3","4","4","4","1","4","5","12","12","8","15","14","14","14","7","11","11","14","17","13","11","17","13","11","10","16","19","19","14","8","17","16","20","12","16","16","13","75","74","75","93","93"
"70","2019-09-14","5","4","5","3","4","4","2","4","3","2","1","2","4","4","4","4","2","3","5","4","1","5","1","2","4","5","4","3","4","1","5","5","1","3","4","4","4","5","4","1","4","5","5","5","5","4","4","2","5","4","2","4","3","5","4","4","4","5","4","1","5","4","5","4","4","4","2","1","5","2","1","3","2","3","3","4","2","2","5","3","4","1","2","5","2","4","1","3","3","1","5","2","5","2","4","3","1","1","5","2","2","3","3","3","4","3","2","3","2","2","5","4","2","4","2","5","4","3","5","1","20","15","8","15","12","18","15","9","13","10","14","13","16","11","14","10","8","14","12","17","15","17","16","16","16","7","16","13","12","4","88","74","73","93","68"
"71","2019-10-14","2","2","4","4","4","2","4","5","5","2","2","4","4","5","4","3","3","4","2","3","4","4","4","2","4","2","4","4","2","2","4","4","1","4","4","2","4","4","4","2","2","4","4","5","4","3","4","3","4","4","3","4","2","3","4","2","4","5","2","4","2","3","4","3","3","1","1","2","4","3","2","3","4","4","2","3","4","4","5","4","2","3","2","2","2","2","5","4","4","4","2","2","2","4","4","2","2","4","4","2","1","4","4","4","5","2","4","2","1","3","2","3","3","5","2","2","4","3","4","4","10","7","7","11","11","8","11","11","15","15","14","17","11","15","16","13","11","16","15","17","18","12","12","12","15","9","15","14","12","14","54","83","82","86","79"
"72","2019-09-10","2","4","5","5","5","1","4","4","5","5","1","4","4","5","5","4","4","5","4","5","1","5","5","5","4","2","4","4","5","4","4","4","1","4","5","1","3","4","5","5","1","2","4","4","5","1","3","2","5","5","2","5","3","4","4","4","5","3","4","5","1","4","3","4","5","1","4","4","5","5","1","2","3","4","5","2","2","4","5","2","3","1","4","4","5","1","5","4","5","5","1","5","3","5","4","1","4","5","5","5","4","4","5","5","5","2","2","4","5","5","2","1","4","5","4","2","5","1","5","5","8","4","7","9","8","9","17","15","12","11","12","19","12","17","16","15","16","12","18","20","18","19","18","19","19","20","20","17","17","19","45","86","88","112","112"
"73","2019-09-10","4","5","5","5","4","4","4","4","2","4","4","4","3","5","4","3","5","5","1","5","3","5","5","1","3","3","3","4","4","2","2","5","4","4","3","4","5","5","1","1","2","3","4","4","4","4","4","3","2","5","1","4","5","3","4","4","5","4","5","2","1","5","5","4","4","4","2","3","2","3","4","2","2","3","1","4","4","3","5","3","2","3","2","2","5","1","5","2","5","4","4","4","2","5","4","4","4","3","3","4","1","4","4","2","4","1","2","2","3","4","2","4","1","2","4","4","4","3","2","2","11","16","11","12","8","12","19","15","13","15","16","17","16","15","13","13","13","13","18","8","14","11","8","16","15","12","13","17","16","10","70","95","83","75","83"
"74","2019-09-13","5","3","4","4","4","4","2","3","4","3","5","4","5","4","4","4","4","4","4","5","4","4","2","2","2","5","4","2","3","2","5","2","5","2","3","5","1","4","2","1","5","4","4","3","3","5","4","2","2","3","2","1","4","2","4","4","3","4","1","2","5","3","5","3","3","4","1","3","3","1","5","3","2","3","2","4","3","1","2","2","2","4","2","3","2","5","4","2","2","2","5","2","4","2","3","4","2","3","2","2","2","2","3","2","2","5","5","2","3","3","2","4","4","3","2","5","3","2","3","2","20","17","17","18","10","19","10","6","13","16","13","14","18","13","14","9","12","10","11","11","12","11","10","9","13","7","11","13","10","8","101","72","76","64","62"
"75","2019-08-29","4","5","5","4","4","1","2","5","5","5","1","2","2","4","4","2","2","2","4","5","2","2","4","2","4","2","3","3","4","4","4","2","4","4","5","2","2","4","4","5","1","2","4","4","4","2","4","2","4","4","2","2","3","2","4","3","4","4","4","4","2","4","1","2","5","1","2","4","4","3","2","5","2","4","5","4","4","4","4","2","3","2","4","2","4","4","5","3","4","4","4","4","2","5","5","2","2","4","5","3","1","4","5","5","4","1","4","1","4","5","1","1","4","5","4","2","5","1","4","5","14","6","5","9","8","11","15","8","13","14","7","17","12","17","13","9","15","11","15","18","17","16","11","16","19","16","17","16","16","17","53","74","77","93","101"
"76","2019-08-29","5","5","4","4","4","4","5","5","3","5","4","4","5","5","5","4","3","3","2","5","5","5","5","3","3","5","5","5","5","4","4","5","4","4","5","3","5","5","4","3","1","4","5","5","5","3","3","1","4","5","4","5","2","1","5","5","5","3","5","4","5","5","5","5","4","2","5","2","5","5","2","4","5","4","5","5","5","2","5","3","4","3","3","3","5","3","5","3","4","4","4","4","5","4","5","2","4","4","4","1","1","2","4","5","5","4","1","2","2","1","5","5","4","2","2","3","5","1","4","5","18","11","8","16","18","16","19","19","14","12","18","20","18","16","19","8","14","12","17","16","19","13","9","18","18","14","20","14","15","17","87","102","87","92","98"
"77","2019-11-22","4","3","4","5","4","2","2","3","5","4","4","2","4","5","4","4","2","4","2","4","3","4","4","3","2","3","3","4","4","2","3","3","3","4","3","2","3","3","5","4","2","4","5","5","5","4","3","2","5","3","3","4","4","4","3","4","4","5","5","5","2","3","4","4","4","3","2","5","5","4","3","3","4","3","4","4","3","4","5","3","4","3","3","3","2","4","3","4","4","3","3","3","4","4","3","2","2","2","3","3","3","3","4","4","4","3","2","2","2","3","3","3","4","3","3","3","4","2","4","2","12","9","12","15","13","14","12","9","12","10","14","14","15","13","17","12","15","15","17","18","17","14","13","17","14","15","17","13","10","12","75","71","87","96","81"
"78","2019-09-22","5","2","4","3","5","4","3","4","5","4","4","3","4","5","5","4","4","2","3","4","4","4","4","3","3","4","3","4","4","5","4","3","3","4","4","4","2","4","5","2","3","4","5","4","4","5","4","2","3","4","2","4","3","2","4","4","3","4","4","2","2","4","3","3","4","4","2","3","4","3","4","4","4","4","4","3","2","3","5","2","3","4","2","3","3","2","5","3","3","2","4","3","4","3","4","3","2","4","3","4","2","4","4","2","4","2","2","2","3","2","2","2","4","4","2","2","4","4","2","4","15","15","13","14","11","12","12","9","15","12","14","15","14","15","17","9","13","15","13","17","15","14","12","13","17","13","17","12","12","13","80","77","83","84","84"
"79","2019-08-30","2","2","4","3","4","1","4","5","5","5","1","4","2","4","5","4","4","5","3","4","1","4","5","2","2","1","1","4","5","3","2","4","1","3","4","2","2","4","5","5","2","4","4","4","4","2","4","1","5","5","4","5","5","2","3","1","2","5","4","5","1","4","1","2","4","1","2","5","5","5","2","4","4","4","2","4","2","1","5","4","1","2","4","2","2","2","4","5","4","2","1","2","1","2","5","1","2","1","5","5","1","4","2","3","5","2","2","4","5","4","1","1","5","5","5","1","4","2","5","5","6","5","6","12","7","5","12","10","16","12","12","11","7","15","12","11","19","16","10","20","15","18","11","18","17","20","16","17","12","15","41","73","80","92","97"
"80","2019-09-12","4","4","5","3","3","3","2","5","5","4","2","4","4","4","5","3","4","2","4","4","2","4","4","2","3","2","4","2","4","3","3","4","3","3","3","2","2","4","4","4","3","5","3","3","4","3","3","4","5","4","3","2","4","1","3","2","4","4","3","5","3","5","3","2","4","1","3","3","5","3","4","4","3","3","3","4","4","3","4","3","2","2","3","2","4","3","5","5","4","3","3","4","3","3","4","2","2","3","4","3","2","4","4","3","5","4","1","3","3","4","1","2","3","2","3","2","3","1","3","4","13","8","11","14","8","9","17","9","17","12","10","16","14","15","14","12","14","12","11","18","13","16","7","14","14","14","17","15","13","15","63","81","81","79","88"
"81","2019-10-12","4","4","2","4","4","2","2","4","2","4","4","1","4","4","4","4","2","4","2","4","4","4","4","2","4","2","4","4","4","2","2","4","2","4","3","2","2","4","4","4","2","2","4","4","4","2","4","4","3","4","4","4","4","4","4","3","4","4","2","4","2","4","4","4","4","2","4","4","4","4","3","2","4","4","2","2","2","4","5","4","3","2","3","3","2","2","4","3","4","4","4","4","4","4","4","4","4","3","4","4","2","2","4","4","4","4","2","2","4","3","2","4","2","2","4","4","4","2","4","2","12","10","11","12","13","11","16","12","7","10","14","16","12","15","16","14","13","13","16","14","16","14","11","14","15","16","14","15","14","12","69","75","83","85","86"
"82","2019-09-12","4","4","4","4","4","4","4","4","2","2","4","4","4","4","4","4","2","4","4","4","2","4","4","2","2","4","2","4","2","2","4","4","4","4","4","4","2","4","4","2","1","4","4","4","4","2","4","2","4","4","2","4","2","2","4","4","4","4","4","2","4","4","4","2","4","4","2","4","2","2","2","4","2","2","4","4","4","4","5","2","2","2","2","2","4","4","2","2","4","4","2","2","4","4","4","2","4","2","4","2","2","2","2","2","5","2","2","2","2","2","2","2","4","4","2","2","4","4","2","2","14","14","9","12","8","14","14","12","14","12","12","12","16","14","12","12","12","14","14","12","12","15","10","12","16","8","17","12","12","10","71","76","80","75","75"
"83","2019-08-29","4","4","4","4","4","4","5","4","2","4","4","4","4","4","4","4","5","4","2","5","1","4","4","2","4","4","4","3","4","3","3","4","4","4","4","4","4","4","3","3","2","4","4","4","4","2","4","2","4","2","3","4","4","2","4","4","4","4","4","2","4","4","4","4","4","4","2","2","2","4","4","4","2","2","2","2","3","2","4","2","2","2","2","2","2","3","2","2","4","2","4","2","2","4","4","2","1","2","3","3","2","2","4","4","4","2","2","2","2","2","2","4","2","2","2","2","4","2","4","3","15","14","12","10","8","13","14","12","14","14","14","14","14","12","14","10","12","11","16","10","14","12","8","16","16","14","14","11","12","10","72","82","73","76","77"
"84","2019-09-14","4","4","4","4","3","2","4","2","3","3","4","2","3","3","4","4","3","1","5","3","1","2","2","4","2","3","4","2","5","3","4","4","4","3","3","2","2","2","4","2","3","3","4","3","2","4","3","2","5","4","3","2","4","3","3","4","4","5","5","4","4","3","4","4","3","2","1","4","3","4","2","3","4","3","5","5","2","2","3","2","4","1","3","3","2","4","3","2","4","4","4","3","3","4","2","2","2","4","4","2","2","2","4","4","4","4","2","3","3","3","4","2","4","4","2","3","2","2","4","4","16","8","11","17","12","14","14","9","10","10","7","13","15","12","15","8","13","11","15","14","13","16","14","18","11","11","15","12","9","15","78","63","74","90","73"
"85","2019-10-19","2","3","2","3","4","4","2","2","4","2","2","2","2","2","2","2","2","2","4","2","2","2","2","4","2","2","2","2","2","4","2","2","2","2","2","2","2","2","4","4","2","2","2","2","2","2","2","4","4","2","4","2","4","4","2","2","2","2","2","4","2","4","2","2","2","2","4","4","4","4","2","2","4","4","4","2","2","4","4","3","3","3","3","3","3","3","3","3","3","3","3","3","3","3","3","3","3","3","3","2","2","2","2","2","2","2","2","2","2","2","2","4","2","2","2","1","5","1","1","1","9","11","8","8","11","8","12","11","8","8","11","12","9","11","10","12","11","8","10","15","10","14","13","8","11","12","10","9","9","12","55","62","61","70","63"
"86","2019-08-31","2","5","3","2","5","3","2","4","4","3","1","4","2","4","5","3","2","4","1","4","4","5","5","4","4","1","3","2","4","4","1","3","2","3","3","3","2","4","5","2","1","4","3","4","4","2","4","2","4","4","3","5","4","3","4","3","4","2","3","5","1","2","1","2","4","3","3","2","4","3","1","4","2","3","4","2","3","4","4","4","2","2","2","2","4","2","4","3","3","4","2","3","2","3","4","2","3","2","5","5","1","4","2","4","5","2","3","4","4","5","1","2","2","5","5","2","4","1","4","5","6","11","4","9","10","8","13","10","16","12","14","15","8","12","9","14","13","8","10","18","15","13","14","14","16","13","18","17","17","18","48","80","64","84","99"
"87","2019-08-31","5","4","5","1","4","4","1","5","3","5","4","4","5","4","5","2","4","3","2","5","2","4","4","3","4","3","4","3","3","5","4","3","5","2","4","4","3","4","3","4","4","4","4","4","4","2","3","3","4","3","2","3","3","3","4","4","3","4","3","5","2","3","4","2","4","4","2","5","4","5","3","4","3","4","3","3","4","3","3","4","2","1","4","3","4","4","3","3","3","5","4","4","5","2","4","4","2","4","4","4","2","4","3","3","5","3","3","4","2","4","2","2","3","3","4","4","3","1","3","4","15","16","13","10","8","15","14","8","16","14","10","13","19","18","15","13","14","11","7","14","15","11","12","12","16","18","17","16","16","19","77","75","90","71","102"
"88","2019-09-04","4","2","2","5","3","2","2","4","3","3","2","4","4","4","4","4","2","5","2","2","3","5","3","3","3","2","4","2","2","3","2","2","5","4","4","1","2","3","3","2","2","4","3","3","4","3","4","4","4","4","3","5","3","2","4","2","5","4","2","3","3","2","5","4","3","2","1","4","2","3","1","3","3","3","1","2","4","4","2","3","3","4","2","2","3","4","5","3","2","4","2","2","4","4","3","3","1","3","3","2","2","4","3","2","4","3","2","3","3","2","3","5","4","2","2","2","4","1","4","3","11","8","7","12","12","10","8","6","15","12","19","18","16","14","13","16","12","10","17","11","12","11","9","10","13","10","13","11","12","13","60","78","81","70","72"
"89","2019-09-02","4","2","4","2","3","3","4","4","5","5","3","4","3","5","4","4","2","1","2","4","5","5","5","2","3","4","3","3","3","3","4","2","4","2","3","1","2","5","5","5","2","3","4","4","4","4","3","2","5","3","4","4","4","4","3","4","4","1","5","4","3","4","4","2","3","2","2","2","5","5","1","4","2","4","5","3","2","4","5","2","2","4","4","5","2","3","4","2","4","3","2","3","5","2","2","2","4","4","5","5","2","2","5","5","5","4","4","2","4","2","1","4","2","3","3","3","4","1","3","3","13","8","8","15","12","14","11","12","13","11","17","15","17","15","14","9","15","7","8","20","18","16","14","15","11","20","18","11","11","13","70","79","77","91","84"
"90","2019-08-31","4","5","5","5","4","2","5","5","2","5","2","4","4","5","5","1","1","5","2","5","4","5","5","2","4","3","4","4","5","3","4","4","5","5","5","3","5","4","5","4","1","5","5","5","4","3","4","2","2","3","2","5","5","1","5","5","5","3","5","2","5","5","5","4","4","2","4","2","4","4","3","5","5","5","4","2","5","4","5","5","2","2","3","1","3","3","5","5","2","3","2","4","4","3","5","3","3","4","5","4","1","3","4","3","5","4","2","2","2","1","1","4","3","2","4","4","4","1","3","5","15","10","7","10","9","15","18","17","17","12","16","18","19","15","18","13","16","13","17","16","18","11","6","15","18","17","18","14","16","13","66","98","94","83","96"
"92","2019-09-14","4","4","4","2","3","4","2","5","5","3","4","3","4","3","4","3","3","4","2","3","1","2","2","4","3","3","4","4","4","3","4","4","2","3","3","3","3","4","5","4","3","3","4","4","4","3","4","2","3","2","3","4","5","3","4","3","3","4","4","2","4","2","3","3","4","3","4","4","4","3","4","3","2","4","4","3","3","3","5","2","2","4","4","3","3","3","4","4","3","3","3","3","4","3","4","3","2","4","3","3","2","3","4","4","5","4","3","3","3","2","2","3","4","3","3","3","3","2","4","3","15","13","13","13","8","12","13","11","12","13","13","14","13","17","14","12","15","14","11","17","15","13","13","15","14","13","17","9","13","11","74","76","85","84","77"
"93","2019-09-14","4","4","2","4","4","2","2","1","4","4","1","4","3","5","4","3","3","2","4","5","1","4","2","2","3","4","4","3","5","3","4","4","1","5","4","3","3","3","5","4","1","4","5","5","5","3","4","1","5","4","3","4","4","1","4","4","2","3","5","4","4","3","4","4","4","1","3","4","5","3","3","3","4","5","5","5","3","2","5","2","4","2","3","3","5","3","4","3","2","3","4","3","4","5","3","3","2","1","5","2","3","4","5","4","4","4","2","2","2","3","1","1","3","3","3","4","4","1","5","4","16","9","8","15","9","15","14","10","15","12","11","14","11","9","17","7","12","10","18","19","19","16","9","17","15","13","18","14","15","14","72","76","66","98","89"
"94","2019-09-15","2","2","2","4","4","5","4","4","2","3","3","4","4","5","4","4","2","4","4","5","4","4","5","1","4","5","4","3","2","2","4","2","4","4","5","5","4","5","1","1","3","4","5","5","5","4","2","4","4","4","3","4","5","1","4","4","2","4","5","2","4","4","5","2","4","4","1","2","1","2","4","4","5","4","2","4","5","4","4","2","4","2","4","1","4","4","4","4","4","2","5","4","2","2","4","4","1","4","5","4","1","2","5","4","2","2","2","2","4","1","2","4","2","3","1","4","5","2","4","4","15","18","11","14","13","17","12","10","14","11","14","15","13","15","19","14","16","13","12","9","18","16","6","15","17","10","13","12","13","10","88","76","90","76","75"
"95","2019-09-01","4","4","5","4","5","5","2","5","2","4","4","5","4","5","5","2","2","4","4","4","3","5","4","2","4","3","4","4","4","4","4","4","2","4","3","4","3","4","5","4","2","5","5","4","4","3","4","2","4","4","3","4","4","2","4","4","3","2","4","3","5","4","4","4","4","3","4","5","5","4","4","4","2","2","4","4","2","4","5","2","4","2","4","2","1","4","4","2","4","2","4","4","5","4","4","4","2","3","4","2","2","4","4","4","5","5","4","2","2","2","4","3","4","2","4","3","5","1","5","4","17","16","12","14","14","14","16","11","18","12","14","16","16","17","15","12","16","9","16","16","15","15","8","17","16","14","18","12","13","13","87","87","85","87","86"
"96","2019-09-14","3","3","3","3","3","3","1","3","3","3","3","3","3","3","3","3","3","2","3","3","3","3","3","4","2","3","3","3","4","3","3","3","3","4","3","2","3","3","3","3","3","4","4","4","4","4","4","2","3","3","3","4","3","3","4","3","3","3","3","3","2","4","2","2","3","3","3","3","3","3","3","3","3","3","3","3","2","4","4","4","3","3","4","4","4","2","2","4","4","4","2","4","2","4","3","3","3","3","4","4","2","3","3","3","4","4","3","3","3","4","3","3","4","4","3","3","3","3","3","3","10","11","11","14","12","11","14","10","13","12","13","11","10","12","13","11","14","13","13","13","13","13","15","14","12","13","14","14","13","13","69","73","73","81","79"
"97","2019-09-12","4","4","4","4","4","3","3","5","4","4","2","4","4","4","4","2","3","3","3","4","3","5","3","3","3","4","4","3","5","2","5","4","5","4","4","2","4","4","4","3","2","4","5","5","4","1","2","2","5","4","3","5","3","3","3","4","5","3","4","2","4","4","4","4","3","4","4","3","4","4","2","4","4","5","5","2","2","4","4","4","4","3","4","3","3","3","4","4","4","2","4","4","4","4","4","2","4","3","5","5","3","3","4","4","4","2","3","3","3","4","4","5","4","3","4","3","3","3","4","3","17","11","9","7","14","14","16","15","15","10","18","16","17","15","17","12","14","13","16","17","18","15","12","17","15","16","17","16","13","9","72","90","88","95","86"
"98","2019-09-03","4","2","5","2","5","3","4","5","5","5","1","5","4","4","5","1","1","1","5","5","3","5","3","3","1","1","4","5","5","5","5","4","5","3","2","4","1","5","5","5","1","3","5","4","5","4","2","1","5","2","1","5","5","5","5","4","4","5","3","2","1","3","5","1","5","3","3","5","5","5","1","4","5","4","4","5","3","2","5","1","1","1","5","5","4","4","5","5","2","2","4","3","5","3","4","3","1","5","5","5","1","5","5","5","5","4","2","1","4","5","1","3","5","5","5","3","4","1","5","4","14","13","4","14","6","12","12","9","17","8","14","17","20","20","19","5","18","16","9","20","17","19","18","15","16","20","19","13","15","13","63","77","98","98","96"
"99","2019-09-03","5","4","5","3","4","4","1","5","3","3","4","4","3","4","5","5","5","4","3","5","2","4","3","2","3","4","3","3","5","3","1","2","5","3","3","4","1","3","4","2","2","2","1","2","4","5","3","2","3","4","3","4","5","2","4","2","2","3","4","2","3","2","4","3","3","4","1","5","5","2","4","3","2","2","2","4","3","2","4","4","1","3","3","2","2","3","3","3","3","2","4","1","4","5","4","4","1","5","3","2","1","2","2","2","4","4","2","3","3","2","3","1","3","2","2","4","4","3","3","4","13","16","11","18","9","13","9","4","11","13","12","12","18","18","8","11","14","12","14","15","10","13","8","15","14","9","15","15","11","11","80","61","81","75","75"
"100","2019-10-08","4","4","4","2","4","3","1","4","4","5","4","4","5","4","4","5","4","2","5","5","1","4","3","3","2","2","4","4","4","4","4","3","2","1","5","4","1","4","3","5","1","4","4","3","4","2","3","4","4","4","2","3","3","2","5","2","4","5","3","2","1","5","5","1","5","2","2","1","4","5","1","5","5","3","4","5","4","4","4","2","2","1","4","2","2","1","5","4","2","4","1","2","4","2","4","2","1","1","3","5","1","2","3","4","2","4","2","2","3","5","4","2","4","3","1","4","3","1","5","4","10","11","7","16","9","9","14","5","15","13","10","16","15","10","17","12","14","14","6","14","14","16","10","14","18","20","14","16","10","14","62","73","82","74","92"
"110","2019-09-10","4","5","4","5","4","5","4","3","5","4","5","4","5","5","4","3","4","4","5","5","1","4","4","1","4","4","5","1","5","3","3","4","4","5","5","1","4","5","5","2","1","4","5","5","5","1","5","1","3","5","4","4","4","1","5","5","5","1","5","2","3","2","4","5","5","5","5","2","5","5","4","5","5","1","5","5","5","5","5","4","2","5","2","1","2","1","5","5","5","1","5","5","4","5","5","1","5","3","5","1","1","5","5","5","5","5","1","2","1","5","1","3","5","5","3","1","5","1","2","5","15","12","11","14","8","11","16","18","18","15","16","20","16","13","20","12","15","8","20","20","16","14","8","17","19","12","19","19","14","11","71","103","84","95","94"
"115","2019-09-11","4","4","4","3","4","4","3","4","4","4","1","5","3","5","5","1","4","5","2","4","4","5","5","2","4","4","4","4","5","2","4","3","4","4","4","3","5","5","5","2","1","2","4","4","4","1","4","3","3","4","3","5","3","2","4","4","4","4","4","3","2","4","4","3","4","3","2","2","5","5","3","4","4","4","3","3","5","3","4","3","3","3","4","2","5","2","5","3","4","3","3","3","4","3","4","3","3","3","3","3","2","5","3","3","5","3","1","4","3","4","5","3","4","4","3","2","5","1","3","4","13","13","7","8","15","12","14","13","16","14","16","18","16","14","14","15","16","12","13","17","16","12","10","16","16","14","17","15","16","12","68","91","87","84","90"
"117","2019-10-15","4","4","5","4","4","4","2","5","5","5","1","4","5","5","5","5","5","3","1","5","3","5","2","2","3","4","3","5","5","2","4","4","1","3","2","4","2","2","4","1","1","1","5","5","4","1","4","2","5","3","4","4","2","4","5","5","4","5","2","2","3","2","5","2","4","5","3","2","5","2","3","4","2","4","5","3","4","2","5","1","4","4","2","2","4","2","5","4","2","2","4","2","5","2","2","3","2","2","4","2","1","5","5","5","4","5","2","5","2","5","1","1","1","1","3","4","3","1","5","4","15","16","6","14","12","15","12","9","14","15","14","15","16","11","17","12","7","15","11","18","19","13","9","14","12","10","18","14","15","10","78","79","78","84","79"
"118","2019-10-12","5","5","5","5","5","4","4","4","2","5","3","4","5","5","5","4","3","4","1","5","4","5","5","2","4","3","4","4","5","2","3","4","4","4","4","3","4","4","3","3","1","4","4","3","5","4","3","5","3","4","3","5","3","1","4","3","5","2","5","2","4","2","3","4","4","3","2","3","2","5","3","4","4","4","2","1","4","4","4","4","2","2","4","4","4","2","5","2","4","4","3","5","2","5","4","4","2","4","4","4","2","5","4","4","4","4","2","2","4","4","3","5","2","2","2","2","4","2","5","3","15","14","9","13","12","10","16","12","17","12","17","18","14","15","17","15","14","10","18","11","16","12","9","19","17","17","16","17","14","11","73","92","85","85","92"
"124","2019-09-15","5","2","5","4","5","2","1","5","5","4","2","4","4","5","5","4","2","4","4","5","2","4","5","4","5","2","4","4","5","2","4","4","2","2","4","2","1","4","5","2","1","4","5","5","5","2","4","4","5","5","1","4","2","2","5","2","4","4","4","2","4","5","5","3","5","1","5","5","5","4","1","4","4","4","3","2","4","5","5","4","4","1","4","4","4","2","5","1","5","4","1","4","1","2","4","2","2","5","5","4","1","4","5","4","5","5","1","3","2","5","1","1","4","4","4","2","5","1","5","4","14","7","5","13","8","8","15","9","16","11","10","18","13","19","18","16","15","10","11","20","18","16","14","19","18","14","18","19","18","12","55","79","91","98","99"
"125","2019-10-28","4","3","4","2","3","4","3","5","5","3","2","4","4","4","5","3","3","2","3","3","2","4","3","2","4","2","4","4","4","4","4","2","4","4","3","3","4","4","5","4","3","4","3","4","5","4","4","3","2","3","4","4","5","3","3","4","5","4","3","3","1","4","1","2","3","4","3","5","5","2","1","5","4","3","4","2","3","4","5","3","1","4","2","3","3","4","4","4","4","2","3","2","4","2","5","3","2","5","3","2","2","4","4","4","5","2","2","3","4","4","2","4","4","2","2","3","5","1","5","4","12","14","8","11","9","13","11","12","17","12","16","18","13","19","15","12","14","13","10","18","15","14","10","16","14","11","19","13","12","13","67","86","86","83","82"
"130","2019-09-15","2","2","4","4","4","5","1","4","3","1","4","4","4","4","5","4","5","1","2","5","1","5","5","2","4","1","2","5","5","2","4","2","4","4","5","5","1","5","5","1","1","5","2","4","5","1","5","5","2","4","5","4","5","2","4","1","2","1","4","4","1","2","1","4","2","4","1","4","3","1","5","5","1","2","1","1","5","4","2","2","1","1","2","1","2","4","4","5","2","4","4","2","5","2","2","4","1","1","5","2","1","1","1","1","5","1","4","2","1","4","4","1","5","1","1","2","5","1","2","2","11","18","11","7","11","8","8","4","15","19","11","13","14","14","8","12","17","12","14","16","11","7","6","13","13","5","16","15","11","12","66","70","77","67","72"
"131","2019-09-15","4","5","4","4","4","5","1","5","5","1","4","2","5","5","5","4","1","4","5","4","4","4","5","2","4","5","5","4","5","1","5","4","4","5","4","4","4","5","2","1","1","4","5","4","5","5","5","1","5","1","2","5","4","1","4","5","5","5","5","2","2","2","4","4","4","4","2","5","5","5","1","4","4","4","4","2","2","2","5","2","2","1","2","2","4","2","5","2","5","2","5","2","4","4","4","2","2","5","5","2","1","2","5","4","5","2","1","2","2","5","2","1","5","2","2","2","4","1","5","5","16","15","7","13","10","14","13","9","12","9","11","19","16","20","19","9","16","12","17","17","17","17","7","20","16","9","19","12","14","10","75","73","92","95","80"
"133","2019-12-27","4","5","4","5","4","1","2","3","4","2","3","5","5","5","5","1","2","3","3","4","2","5","4","2","4","4","4","1","4","5","5","3","3","4","4","2","3","4","3","1","2","5","5","5","5","1","4","1","5","4","4","5","5","2","4","4","4","4","5","3","3","5","4","5","5","1","5","5","4","1","2","5","4","5","2","1","4","2","1","4","1","1","5","3","4","1","3","1","5","5","4","5","4","5","5","1","2","1","5","1","1","4","5","5","5","4","2","2","2","5","1","4","4","2","4","2","4","1","5","5","16","5","8","7","8","11","18","12","19","12","15","15","15","13","19","8","18","7","19","16","20","11","9","19","18","5","17","17","16","18","55","91","80","94","91"
"134","2019-12-28","5","4","1","4","2","1","1","5","5","2","3","3","3","4","3","5","2","5","5","4","3","1","3","5","1","5","1","3","5","2","5","2","5","4","2","1","1","4","5","1","5","5","5","5","4","5","4","1","5","1","2","1","2","5","4","5","3","5","5","1","5","1","5","5","3","1","5","4","5","2","3","3","5","5","5","4","3","1","5","3","5","1","2","5","4","5","3","3","2","2","4","2","4","5","2","2","1","1","5","1","2","2","5","3","2","4","4","2","2","2","5","1","3","3","2","5","2","4","4","2","19","5","13","18","15","20","9","8","13","13","4","9","15","14","18","9","10","15","18","20","17","17","18","16","9","6","14","10","11","7","90","56","81","106","57"
"135","2019-12-28","5","5","4","4","4","4","4","3","3","5","4","4","4","4","3","2","3","3","2","4","3","4","4","5","4","4","4","4","3","2","5","5","5","3","4","4","4","3","3","4","4","4","4","4","4","1","4","4","4","4","2","4","5","4","4","2","4","5","4","5","2","5","5","4","4","4","1","3","4","4","3","4","5","4","4","2","4","3","5","3","3","2","5","4","4","2","3","5","5","4","4","5","4","4","4","4","5","1","3","3","2","4","5","4","3","5","4","5","4","4","2","2","3","4","4","3","4","1","4","4","16","16","13","10","10","11","20","14","16","15","12","15","18","10","18","15","17","15","15","13","16","15","17","16","16","16","14","15","16","15","76","92","93","92","92"
"136","2019-12-28","4","4","3","3","3","2","2","4","4","5","1","4","1","4","4","2","2","1","5","5","1","3","3","5","3","2","3","4","3","4","5","3","3","3","3","2","3","3","5","5","1","4","4","4","4","2","4","3","5","4","2","3","5","4","5","3","4","5","3","4","1","5","2","2","3","1","4","4","4","5","1","4","5","4","5","1","3","4","5","5","3","1","4","3","3","2","4","5","4","3","2","2","2","3","4","2","1","2","5","5","1","4","5","4","4","2","2","3","4","4","3","3","5","3","4","2","4","1","4","3","12","7","4","7","9","9","14","10","16","11","10","15","10","13","15","11","17","15","11","18","16","19","15","14","13","20","17","18","15","14","48","76","81","93","97"
"137","2019-11-25","4","5","5","3","4","3","5","5","3","5","4","4","5","5","3","1","2","3","5","3","3","5","3","1","4","3","5","5","5","1","4","4","5","5","4","2","5","5","1","3","1","5","4","5","4","2","3","1","3","4","3","5","4","1","5","3","4","4","3","3","4","3","1","4","5","3","3","5","1","3","1","5","3","2","3","3","3","5","5","3","1","1","3","1","3","3","3","1","3","2","5","4","5","3","4","2","3","2","5","5","1","3","1","2","3","1","3","3","1","2","2","4","1","3","4","2","5","4","3","4","17","10","7","7","9","11","16","16","17","11","15","17","16","17","13","12","11","14","15","10","14","14","6","14","17","16","13","12","16","10","61","92","83","73","84"
"138","2019-12-28","5","3","4","4","4","2","4","3","4","3","2","3","2","4","3","3","3","4","2","4","3","4","4","4","3","4","3","3","3","4","3","4","4","4","4","2","2","2","5","2","1","2","4","4","4","3","4","3","5","2","2","4","2","3","5","3","4","2","5","4","2","5","4","3","4","2","4","4","4","3","2","3","4","4","4","2","3","2","5","4","4","3","4","3","4","2","4","3","3","4","3","4","4","4","4","2","4","3","4","4","1","2","4","4","4","3","2","3","3","4","2","1","2","5","4","3","4","1","4","5","13","8","6","11","11","12","16","14","10","12","12","15","16","12","14","12","12","9","15","17","16","15","15","15","16","12","15","14","16","17","61","79","75","93","90"
"139","2019-12-28","4","4","4","3","4","4","3","4","4","3","2","3","2","4","4","3","4","4","2","4","5","5","5","3","3","3","4","4","3","3","4","4","3","4","3","4","4","4","4","3","2","4","3","4","3","3","3","2","4","4","2","5","4","3","3","3","3","4","3","3","2","2","3","2","3","3","3","3","5","2","2","4","2","4","4","5","3","3","4","2","4","2","4","3","4","2","5","4","4","3","3","2","4","3","3","4","3","3","4","3","1","4","3","4","3","2","2","4","4","4","3","3","4","5","3","2","5","1","3","3","13","15","7","13","14","10","12","13","15","12","15","17","14","14","10","13","17","13","12","17","16","14","14","13","13","11","14","14","13","12","72","84","81","86","77"
"140","2019-12-29","4","3","3","4","3","2","3","4","3","4","3","3","4","4","3","4","2","4","5","3","4","4","2","3","2","4","3","4","4","3","3","3","3","4","3","2","2","4","4","4","2","3","3","4","4","4","1","2","4","3","2","4","2","3","2","4","3","4","4","4","3","4","2","4","2","2","3","2","4","4","2","3","4","4","4","3","2","3","4","3","4","2","3","4","2","4","3","4","4","3","2","3","3","4","2","3","3","3","4","4","3","2","3","3","3","4","2","2","4","3","4","2","3","4","2","4","4","3","4","3","12","9","10","15","14","16","13","11","11","7","12","13","11","13","14","11","10","15","16","15","15","17","14","16","10","16","14","12","8","13","76","67","74","93","73"
"141","2019-12-30","2","4","5","3","4","2","1","5","4","4","2","2","2","4","4","3","2","5","5","4","4","4","5","4","4","2","2","3","4","5","4","4","3","4","3","2","3","4","4","4","2","1","2","4","5","4","4","3","4","2","1","4","5","4","4","4","4","4","5","5","2","4","2","3","4","1","2","4","5","4","2","4","2","4","4","4","3","4","5","3","2","1","5","4","3","2","5","3","4","4","1","3","5","4","4","2","2","5","4","5","1","2","3","4","4","4","2","2","5","4","2","1","5","4","2","2","5","2","5","5","9","7","7","15","9","10","15","8","9","11","10","16","15","18","9","14","20","12","14","17","16","19","16","18","15","17","17","13","13","19","57","69","88","100","94"
"142","2019-12-30","5","3","4","3","4","4","3","5","4","5","2","4","5","4","5","3","3","4","4","4","2","5","5","3","3","3","4","3","4","4","4","3","3","2","4","3","2","4","5","5","2","4","4","4","4","2","4","3","3","4","2","4","5","4","4","3","3","5","3","4","1","4","4","2","4","4","4","4","4","5","1","5","4","4","3","3","3","4","4","4","2","2","4","4","4","2","5","4","4","4","5","3","4","4","4","3","4","4","4","4","2","4","4","4","5","3","4","2","4","4","2","2","4","4","4","4","4","3","4","4","15","14","7","11","8","12","13","13","17","14","13","16","15","17","17","13","18","15","11","17","16","15","15","15","16","19","17","16","15","16","67","86","95","89","99"
